{
  "Use Non-ASCII Font": true,
  "Tags": [],
  "Ansi 12 Color": {
    "Red Component": 0.39215689897537231,
    "Color Space": "sRGB",
    "Blue Component": 0.96470588445663452,
    "Alpha Component": 1,
    "Green Component": 0.7098039984703064
  },
  "Right Option Key Changeable": false,
  "Draw Powerline Glyphs": true,
  "Bold Color": {
    "Red Component": 0.7764706015586853,
    "Color Space": "sRGB",
    "Blue Component": 0.15686270594596863,
    "Alpha Component": 1,
    "Green Component": 0.15686267614364624
  },
  "Ansi 7 Color": {
    "Red Component": 0.94901973009109497,
    "Color Space": "sRGB",
    "Blue Component": 0.94901961088180542,
    "Alpha Component": 1,
    "Green Component": 0.94901961088180542
  },
  "Ansi 8 Color": {
    "Red Component": 0.32549020648002625,
    "Color Space": "sRGB",
    "Blue Component": 0.32549020648002625,
    "Alpha Component": 1,
    "Green Component": 0.32549020648002625
  },
  "Ansi 9 Color": {
    "Red Component": 0.93725490570068359,
    "Color Space": "sRGB",
    "Blue Component": 0.31372541189193726,
    "Alpha Component": 1,
    "Green Component": 0.32549011707305908
  },
  "Rows": 25,
  "Default Bookmark": "No",
  "Ansi 6 Color": {
    "Red Component": 1.6281730097489344e-7,
    "Color Space": "sRGB",
    "Blue Component": 0.56078428030014038,
    "Alpha Component": 1,
    "Green Component": 0.51372545957565308
  },
  "Right Option Key Sends": 2,
  "Cursor Guide Color": {
    "Red Component": 0.70213186740875244,
    "Color Space": "sRGB",
    "Blue Component": 1,
    "Alpha Component": 0.25,
    "Green Component": 0.9268307089805603
  },
  "Non-ASCII Anti Aliased": true,
  "Use Bright Bold": true,
  "Show Mark Indicators": false,
  "Ansi 10 Color": {
    "Red Component": 0,
    "Color Space": "sRGB",
    "Blue Component": 0,
    "Alpha Component": 1,
    "Green Component": 0.84313726425170898
  },
  "Ambiguous Double Width": false,
  "Jobs to Ignore": ["rlogin", "ssh", "slogin", "telnet"],
  "Ansi 15 Color": {
    "Red Component": 0.87843149900436401,
    "Color Space": "sRGB",
    "Blue Component": 0.87843137979507446,
    "Alpha Component": 1,
    "Green Component": 0.87843137979507446
  },
  "Foreground Color": {
    "Red Component": 0.91764706373214722,
    "Color Space": "sRGB",
    "Blue Component": 0.91764700412750244,
    "Alpha Component": 1,
    "Green Component": 0.91764706373214722
  },
  "Working Directory": "~",
  "Blinking Cursor": false,
  "Disable Window Resizing": true,
  "Sync Title": false,
  "Prompt Before Closing 2": false,
  "BM Growl": true,
  "Command": "",
  "Description": "Default",
  "Mouse Reporting": true,
  "Screen": -1,
  "Selection Color": {
    "Red Component": 0.89803928136825562,
    "Color Space": "sRGB",
    "Blue Component": 0.89803916215896606,
    "Alpha Component": 1,
    "Green Component": 0.89803928136825562
  },
  "Initial Use Transparency": false,
  "Columns": 120,
  "Idle Code": 0,
  "Ansi 13 Color": {
    "Red Component": 0.72941190004348755,
    "Color Space": "sRGB",
    "Blue Component": 0.78431373834609985,
    "Alpha Component": 1,
    "Green Component": 0.40784308314323425
  },
  "Custom Command": "No",
  "ASCII Anti Aliased": true,
  "Non Ascii Font": "MesloLGS-NF-Regular 12",
  "Vertical Spacing": 1,
  "Use Bold Font": true,
  "Left Option Key Changeable": false,
  "Selected Text Color": {
    "Red Component": 0.30588233470916748,
    "Color Space": "sRGB",
    "Blue Component": 0.30588233470916748,
    "Alpha Component": 1,
    "Green Component": 0.30588233470916748
  },
  "Option Key Sends": 2,
  "Background Color": {
    "Red Component": 0.12941177189350128,
    "Color Space": "sRGB",
    "Blue Component": 0.12941177189350128,
    "Alpha Component": 1,
    "Green Component": 0.12941177189350128
  },
  "Ansi 11 Color": {
    "Red Component": 1,
    "Color Space": "sRGB",
    "Blue Component": 0.23137244582176208,
    "Alpha Component": 1,
    "Green Component": 0.92156857252120972
  },
  "Character Encoding": 4,
  "Non-ASCII Ligatures": true,
  "Use Italic Font": true,
  "Unlimited Scrollback": false,
  "Keyboard Map": {
    "0xf728-0x40000-0x75": {
      "Version": 1,
      "Action": 11,
      "Text": "0x0b",
      "Label": ""
    },
    "0xf702-0x280000": {
      "Action": 10,
      "Text": "b"
    },
    "0x7f-0x80000-0x33": {
      "Version": 1,
      "Action": 11,
      "Text": "0x17",
      "Label": ""
    },
    "0xf70d-0x20000": {
      "Action": 10,
      "Text": "[21;2~"
    },
    "0xf708-0x20000": {
      "Action": 10,
      "Text": "[15;2~"
    },
    "0x33-0x40000": {
      "Action": 11,
      "Text": "0x1b"
    },
    "0xf703-0x260000": {
      "Action": 10,
      "Text": "[1;6C"
    },
    "0xf729-0x20000": {
      "Action": 10,
      "Text": "[1;2H"
    },
    "0xf702-0x260000": {
      "Action": 10,
      "Text": "[1;6D"
    },
    "0x38-0x40000": {
      "Action": 11,
      "Text": "0x7f"
    },
    "0xf72b-0x40000": {
      "Action": 10,
      "Text": "[1;5F"
    },
    "0xf70c-0x20000": {
      "Action": 10,
      "Text": "[20;2~"
    },
    "0x7f-0x40000-0x33": {
      "Version": 1,
      "Action": 11,
      "Text": "0x15",
      "Label": ""
    },
    "0xf701-0x260000": {
      "Action": 10,
      "Text": "[1;6B"
    },
    "0x32-0x40000": {
      "Action": 11,
      "Text": "0x00"
    },
    "0xf707-0x20000": {
      "Action": 10,
      "Text": "[1;2S"
    },
    "0xf703-0x240000": {
      "Action": 10,
      "Text": "[1;5C"
    },
    "0xf700-0x260000": {
      "Action": 10,
      "Text": "[1;6A"
    },
    "0xf702-0x240000": {
      "Action": 10,
      "Text": "[1;5D"
    },
    "0xf703-0x300000": {
      "Action": 11,
      "Text": "0x5"
    },
    "0x37-0x40000": {
      "Action": 11,
      "Text": "0x1f"
    },
    "0x3-0x200000": {
      "Action": 11,
      "Text": "0xd"
    },
    "0xf701-0x240000": {
      "Action": 10,
      "Text": "[1;5B"
    },
    "0xf702-0x300000": {
      "Action": 11,
      "Text": "0x1"
    },
    "0xf703-0x220000": {
      "Action": 10,
      "Text": "[1;2C"
    },
    "0xf739-0x0": {
      "Action": 13,
      "Text": ""
    },
    "0xf70b-0x20000": {
      "Action": 10,
      "Text": "[19;2~"
    },
    "0xf728-0x0": {
      "Action": 11,
      "Text": "0x4"
    },
    "0xf706-0x20000": {
      "Action": 10,
      "Text": "[1;2R"
    },
    "0xf700-0x240000": {
      "Action": 10,
      "Text": "[1;5A"
    },
    "0xf702-0x220000": {
      "Action": 10,
      "Text": "[1;2D"
    },
    "0x36-0x40000": {
      "Action": 11,
      "Text": "0x1e"
    },
    "0xf70f-0x20000": {
      "Action": 10,
      "Text": "[24;2~"
    },
    "0xf701-0x220000": {
      "Action": 10,
      "Text": "[1;2B"
    },
    "0x7f-0x60000-0x33": {
      "Version": 1,
      "Action": 11,
      "Text": "0x0b",
      "Label": ""
    },
    "0xf70a-0x20000": {
      "Action": 10,
      "Text": "[18;2~"
    },
    "0xf729-0x40000": {
      "Action": 10,
      "Text": "[1;5H"
    },
    "0xf72b-0x20000": {
      "Action": 10,
      "Text": "[1;2F"
    },
    "0xf700-0x220000": {
      "Action": 10,
      "Text": "[1;2A"
    },
    "0x30-0x200000": {
      "Action": 12,
      "Text": "0"
    },
    "0xf705-0x20000": {
      "Action": 10,
      "Text": "[1;2Q"
    },
    "0x31-0x200000": {
      "Action": 12,
      "Text": "1"
    },
    "0x33-0x200000": {
      "Action": 12,
      "Text": "3"
    },
    "0x35-0x40000": {
      "Action": 11,
      "Text": "0x1d"
    },
    "0x34-0x200000": {
      "Action": 12,
      "Text": "4"
    },
    "0x32-0x200000": {
      "Action": 12,
      "Text": "2"
    },
    "0x35-0x200000": {
      "Action": 12,
      "Text": "5"
    },
    "0xf728-0x80000-0x75": {
      "Version": 1,
      "Action": 11,
      "Text": "0x1b 0x64",
      "Label": ""
    },
    "0x7f-0xa0000-0x33": {
      "Version": 1,
      "Action": 11,
      "Text": "0x1b 0x64",
      "Label": ""
    },
    "0x36-0x200000": {
      "Action": 12,
      "Text": "6"
    },